,correlation,intersection,bhattacharyya
0,1.0,0.1250559739466721,2.078993850335186
1,1.0,0.1250559739466721,2.078993850335186
2,1.0,0.1250559739466721,2.078993850335186
3,1.0,0.1250559739466721,2.078993850335186
4,1.0,0.1250559739466721,2.078993850335186
5,1.0,0.1250559739466721,2.078993850335186
6,1.0,0.1250559739466721,2.078993850335186
7,1.0,0.1250559739466721,2.078993850335186
8,1.0,0.1250559739466721,2.078993850335186
9,1.0,0.1250559739466721,2.078993850335186
